date,product,quantity,revenue,weather,temp_avg,temp_max,temp_min
2026-01-19,잠봉 베이글 샌드위치,12,"96,000",Snow,0.3,1.2,-0.6
2026-01-19,당근라페베이컨 샌드위치,12,"91,200",Snow,0.3,1.2,-0.6
2026-01-19,바질살라미모짜렐라,11,"83,600",Snow,0.3,1.2,-0.6
2026-01-19,플레인햄치즈 샌드위치,10,"76,000",Snow,0.3,1.2,-0.6
2026-01-19,아메리카노 ICE,16,"64,000",Snow,0.3,1.2,-0.6
2026-01-19,소프트소금빵,19,"57,000",Snow,0.3,1.2,-0.6
2026-01-19,카야버터프레첼베이글,8,"44,800",Snow,0.3,1.2,-0.6
2026-01-19,생식빵,6,"39,000",Snow,0.3,1.2,-0.6
2026-01-19,초코베이글,10,"36,000",Snow,0.3,1.2,-0.6
2026-01-19,감자치즈베이글,10,"36,000",Snow,0.3,1.2,-0.6
2026-01-19,모찌모찌 식빵,6,"33,000",Snow,0.3,1.2,-0.6
2026-01-19,쪽파베이글 샌드위치,5,"32,500",Snow,0.3,1.2,-0.6
2026-01-19,무화과베이글,9,"32,400",Snow,0.3,1.2,-0.6
2026-01-19,에그타르트,8,"32,000",Snow,0.3,1.2,-0.6
2026-01-19,아메리카노 HOT,8,"32,000",Snow,0.3,1.2,-0.6
2026-01-19,후추소금빵,10,"32,000",Snow,0.3,1.2,-0.6
2026-01-19,플레인베이글,10,"30,000",Snow,0.3,1.2,-0.6
2026-01-19,맘모스,6,"28,800",Snow,0.3,1.2,-0.6
2026-01-19,호두크랜베리베이글,8,"28,000",Snow,0.3,1.2,-0.6
2026-01-19,통밀잡곡식빵,5,"27,500",Snow,0.3,1.2,-0.6
2026-01-19,블루베리 베이글,7,"25,200",Snow,0.3,1.2,-0.6
2026-01-19,고메버터 스콘,7,"25,200",Snow,0.3,1.2,-0.6
2026-01-19,올리브베이글,7,"23,800",Snow,0.3,1.2,-0.6
2026-01-19,더블초코스콘,6,"22,800",Snow,0.3,1.2,-0.6
2026-01-19,바닐라까눌레,7,"18,900",Snow,0.3,1.2,-0.6
2026-01-19,단팥빵,8,"16,000",Snow,0.3,1.2,-0.6
2026-01-19,카페라떼 ICE,3,"13,500",Snow,0.3,1.2,-0.6
2026-01-19,바닐라빈라떼 ICE,2,"10,600",Snow,0.3,1.2,-0.6
2026-01-19,애플키위믹스,2,"10,000",Snow,0.3,1.2,-0.6
2026-01-19,착즙 애플,2,"10,000",Snow,0.3,1.2,-0.6
2026-01-19,바닐라빈라떼 HOT,1,"5,300",Snow,0.3,1.2,-0.6
2026-01-19,카페라떼 HOT,1,"4,500",Snow,0.3,1.2,-0.6
2026-01-19,크림치즈,3,"4,500",Snow,0.3,1.2,-0.6
2026-01-19,블루베리 크림치즈,2,"3,600",Snow,0.3,1.2,-0.6
2026-01-19,바질토마토 크림치즈,1,"1,800",Snow,0.3,1.2,-0.6
2026-01-19,연하게,2,0,Snow,0.3,1.2,-0.6
2026-01-18,잠봉 베이글 샌드위치,16,"128,000",Sunny,5.4,8.2,-0.2
2026-01-18,당근라페베이컨 샌드위치,16,"121,600",Sunny,5.4,8.2,-0.2
2026-01-18,바질살라미모짜렐라,16,"121,600",Sunny,5.4,8.2,-0.2
2026-01-18,플레인햄치즈 샌드위치,10,"76,000",Sunny,5.4,8.2,-0.2
2026-01-18,쪽파베이글 샌드위치,9,"58,500",Sunny,5.4,8.2,-0.2
2026-01-18,소프트소금빵,17,"51,000",Sunny,5.4,8.2,-0.2
2026-01-18,카야버터프레첼베이글,9,"50,400",Sunny,5.4,8.2,-0.2
2026-01-18,에그타르트,12,"48,000",Sunny,5.4,8.2,-0.2
2026-01-18,바닐라빈라떼 ICE,9,"47,700",Sunny,5.4,8.2,-0.2
2026-01-18,아메리카노 ICE,11,"44,000",Sunny,5.4,8.2,-0.2
2026-01-18,감자치즈베이글,11,"39,600",Sunny,5.4,8.2,-0.2
2026-01-18,맘모스,8,"38,400",Sunny,5.4,8.2,-0.2
2026-01-18,아메리카노 HOT,9,"36,000",Sunny,5.4,8.2,-0.2
2026-01-18,플레인베이글,10,"30,000",Sunny,5.4,8.2,-0.2
2026-01-18,블루베리 베이글,8,"28,800",Sunny,5.4,8.2,-0.2
2026-01-18,무화과베이글,8,"28,800",Sunny,5.4,8.2,-0.2
2026-01-18,고메버터 스콘,8,"28,800",Sunny,5.4,8.2,-0.2
2026-01-18,올리브베이글,8,"27,200",Sunny,5.4,8.2,-0.2
2026-01-18,생식빵,4,"26,000",Sunny,5.4,8.2,-0.2
2026-01-18,카페라떼 HOT,5,"22,500",Sunny,5.4,8.2,-0.2
2026-01-18,모찌모찌 식빵,4,"22,000",Sunny,5.4,8.2,-0.2
2026-01-18,단팥빵,11,"22,000",Sunny,5.4,8.2,-0.2
2026-01-18,초코베이글,6,"21,600",Sunny,5.4,8.2,-0.2
2026-01-18,통밀잡곡식빵,3,"16,500",Sunny,5.4,8.2,-0.2
2026-01-18,애플키위믹스,3,"15,000",Sunny,5.4,8.2,-0.2
2026-01-18,호두크랜베리베이글,4,"14,000",Sunny,5.4,8.2,-0.2
2026-01-18,후추소금빵,4,"12,800",Sunny,5.4,8.2,-0.2
2026-01-18,착즙 오렌지,2,"10,000",Sunny,5.4,8.2,-0.2
2026-01-18,바닐라까눌레,3,"8,100",Sunny,5.4,8.2,-0.2
2026-01-18,더블초코스콘,2,"7,600",Sunny,5.4,8.2,-0.2
2026-01-18,블루베리 크림치즈,3,"5,400",Sunny,5.4,8.2,-0.2
2026-01-18,바닐라빈라떼 HOT,1,"5,300",Sunny,5.4,8.2,-0.2
2026-01-18,카페라떼 ICE,1,"4,500",Sunny,5.4,8.2,-0.2
2026-01-18,크림치즈,2,"3,000",Sunny,5.4,8.2,-0.2
2026-01-18,바질토마토 크림치즈,1,"1,800",Sunny,5.4,8.2,-0.2
2026-01-17,당근라페치아바타샌드위치,28,"224,000",Sunny,3,5.9,-0.4
2026-01-17,쉬림프과카몰리샌드위치,21,"178,500",Sunny,3,5.9,-0.4
2026-01-17,바질 잠봉(루꼴라),19,"165,300",Sunny,3,5.9,-0.4
2026-01-17,치아바타 샌드위치,18,"135,000",Sunny,3,5.9,-0.4
2026-01-17,모짜렐라살라미치즈,13,"115,700",Sunny,3,5.9,-0.4
2026-01-17,바게트 잠봉,12,"99,300",Sunny,3,5.9,-0.4
2026-01-17,피스타치오햄바게트,11,"97,900",Sunny,3,5.9,-0.4
2026-01-17,감자 치즈,15,"90,000",Sunny,3,5.9,-0.4
2026-01-17,아메리카노 ICE,18,"72,000",Sunny,3,5.9,-0.4
2026-01-17,크렌베리닭가슴살샌드위치,11,"66,000",Sunny,3,5.9,-0.4
2026-01-17,에그타르트,15,"60,000",Sunny,3,5.9,-0.4
2026-01-17,단호박 크림치즈,9,"58,500",Sunny,3,5.9,-0.4
2026-01-17,아메리카노 HOT,12,"48,000",Sunny,3,5.9,-0.4
2026-01-17,소금빵,17,"47,600",Sunny,3,5.9,-0.4
2026-01-17,소세지빵,10,"45,000",Sunny,3,5.9,-0.4
2026-01-17,무화과 크림치즈 사워도우,8,"44,800",Sunny,3,5.9,-0.4
2026-01-17,고메버터 스콘,12,"43,200",Sunny,3,5.9,-0.4
2026-01-17,앙버터,9,"43,200",Sunny,3,5.9,-0.4
2026-01-17,고구마크림치즈사워도우,7,"40,600",Sunny,3,5.9,-0.4
2026-01-17,바게트,6,"40,000",Sunny,3,5.9,-0.4
2026-01-17,바닐라까눌레,10,"27,000",Sunny,3,5.9,-0.4
2026-01-17,크로와상,7,"24,500",Sunny,3,5.9,-0.4
2026-01-17,올리브 치즈 치아바타,5,"22,500",Sunny,3,5.9,-0.4
2026-01-17,바닐라빈라떼 ICE,4,"21,200",Sunny,3,5.9,-0.4
2026-01-17,더블초코스콘,5,"19,000",Sunny,3,5.9,-0.4
2026-01-17,대파 사워도우,3,"17,100",Sunny,3,5.9,-0.4
2026-01-17,뺑오쇼콜라,4,"16,800",Sunny,3,5.9,-0.4
2026-01-17,미니페스츄리식빵,3,"16,500",Sunny,3,5.9,-0.4
2026-01-17,호두 크랜베리 사워도우,3,"15,900",Sunny,3,5.9,-0.4
2026-01-17,사워도우,3,"13,500",Sunny,3,5.9,-0.4
2026-01-17,착즙 오렌지,2,"10,000",Sunny,3,5.9,-0.4
2026-01-17,카페라떼 HOT,2,"9,000",Sunny,3,5.9,-0.4
2026-01-17,치아바타,2,"8,000",Sunny,3,5.9,-0.4
2026-01-17,마르티넬리 애플주스,2,"8,000",Sunny,3,5.9,-0.4
2026-01-17,애플키위믹스,1,"5,000",Sunny,3,5.9,-0.4
2026-01-16,쉬림프과카몰리샌드위치,19,"161,500",Sunny,6.2,10.6,-0.1
2026-01-16,치아바타 샌드위치,19,"142,500",Sunny,6.2,10.6,-0.1
2026-01-16,당근라페치아바타샌드위치,16,"128,000",Sunny,6.2,10.6,-0.1
2026-01-16,바질 잠봉(루꼴라),12,"104,400",Sunny,6.2,10.6,-0.1
2026-01-16,모짜렐라살라미치즈,11,"97,900",Sunny,6.2,10.6,-0.1
2026-01-16,바닐라까눌레,36,"97,200",Sunny,6.2,10.6,-0.1
2026-01-16,바게트 잠봉,10,"90,000",Sunny,6.2,10.6,-0.1
2026-01-16,피스타치오햄바게트,10,"89,000",Sunny,6.2,10.6,-0.1
2026-01-16,감자 치즈,10,"60,400",Sunny,6.2,10.6,-0.1
2026-01-16,단호박 크림치즈,9,"58,500",Sunny,6.2,10.6,-0.1
2026-01-16,크렌베리닭가슴살샌드위치,8,"48,000",Sunny,6.2,10.6,-0.1
2026-01-16,소금빵,17,"47,600",Sunny,6.2,10.6,-0.1
2026-01-16,소세지빵,10,"45,000",Sunny,6.2,10.6,-0.1
2026-01-16,에그타르트,11,"44,000",Sunny,6.2,10.6,-0.1
2026-01-16,올리브 치즈 치아바타,8,"36,000",Sunny,6.2,10.6,-0.1
2026-01-16,고구마크림치즈사워도우,6,"34,800",Sunny,6.2,10.6,-0.1
2026-01-16,더블초코스콘,9,"34,200",Sunny,6.2,10.6,-0.1
2026-01-16,무화과 크림치즈 사워도우,6,"33,600",Sunny,6.2,10.6,-0.1
2026-01-16,앙버터,7,"33,600",Sunny,6.2,10.6,-0.1
2026-01-16,아메리카노 HOT,7,"28,000",Sunny,6.2,10.6,-0.1
2026-01-16,크로와상,8,"28,000",Sunny,6.2,10.6,-0.1
2026-01-16,미니페스츄리식빵,5,"27,500",Sunny,6.2,10.6,-0.1
2026-01-16,고메버터 스콘,7,"25,200",Sunny,6.2,10.6,-0.1
2026-01-16,아메리카노 ICE,5,"20,000",Sunny,6.2,10.6,-0.1
2026-01-16,대파 사워도우,3,"17,100",Sunny,6.2,10.6,-0.1
2026-01-16,호두 크랜베리 사워도우,3,"15,900",Sunny,6.2,10.6,-0.1
2026-01-16,카페라떼 HOT,2,"9,000",Sunny,6.2,10.6,-0.1
2026-01-16,뺑오쇼콜라,2,"8,400",Sunny,6.2,10.6,-0.1
2026-01-16,치아바타,2,"8,000",Sunny,6.2,10.6,-0.1
2026-01-16,바닐라빈라떼 ICE,1,"5,300",Sunny,6.2,10.6,-0.1
2026-01-16,바닐라빈라떼 HOT,1,"5,300",Sunny,6.2,10.6,-0.1
2026-01-16,착즙 오렌지,1,"5,000",Sunny,6.2,10.6,-0.1
2026-01-16,사워도우,1,"4,500",Sunny,6.2,10.6,-0.1
2026-01-16,카페라떼 ICE,1,"4,500",Sunny,6.2,10.6,-0.1
2026-01-16,바게트,1,"4,000",Sunny,6.2,10.6,-0.1
2026-01-15,당근라페치아바타샌드위치,17,"136,000",Sunny,10.1,12.1,6
2026-01-15,쉬림프과카몰리샌드위치,15,"127,500",Sunny,10.1,12.1,6
2026-01-15,치아바타 샌드위치,14,"105,000",Sunny,10.1,12.1,6
2026-01-15,바질 잠봉(루꼴라),9,"78,300",Sunny,10.1,12.1,6
2026-01-15,모짜렐라살라미치즈,8,"71,200",Sunny,10.1,12.1,6
2026-01-15,감자 치즈,11,"66,000",Sunny,10.1,12.1,6
2026-01-15,아메리카노 ICE,15,"60,000",Sunny,10.1,12.1,6
2026-01-15,단호박 크림치즈,9,"58,500",Sunny,10.1,12.1,6
2026-01-15,바게트 잠봉,6,"54,000",Sunny,10.1,12.1,6
2026-01-15,피스타치오햄바게트,6,"53,400",Sunny,10.1,12.1,6
2026-01-15,앙버터,10,"48,000",Sunny,10.1,12.1,6
2026-01-15,소금빵,17,"47,600",Sunny,10.1,12.1,6
2026-01-15,소세지빵,10,"45,000",Sunny,10.1,12.1,6
2026-01-15,크렌베리닭가슴살샌드위치,7,"42,000",Sunny,10.1,12.1,6
2026-01-15,아메리카노 HOT,10,"40,000",Sunny,10.1,12.1,6
2026-01-15,에그타르트,9,"36,000",Sunny,10.1,12.1,6
2026-01-15,고구마크림치즈사워도우,6,"34,800",Sunny,10.1,12.1,6
2026-01-15,올리브 치즈 치아바타,7,"31,500",Sunny,10.1,12.1,6
2026-01-15,카페라떼 HOT,5,"22,500",Sunny,10.1,12.1,6
2026-01-15,무화과 크림치즈 사워도우,4,"22,400",Sunny,10.1,12.1,6
2026-01-15,미니페스츄리식빵,4,"22,000",Sunny,10.1,12.1,6
2026-01-15,바닐라까눌레,6,"16,200",Sunny,10.1,12.1,6
2026-01-15,바게트,4,"16,000",Sunny,10.1,12.1,6
2026-01-15,고메버터 스콘,4,"14,400",Sunny,10.1,12.1,6
2026-01-15,치아바타,3,"12,000",Sunny,10.1,12.1,6
2026-01-15,대파 사워도우,2,"11,400",Sunny,10.1,12.1,6
2026-01-15,호두 크랜베리 사워도우,2,"10,600",Sunny,10.1,12.1,6
2026-01-15,크로와상,3,"10,500",Sunny,10.1,12.1,6
2026-01-15,사워도우,2,"9,000",Sunny,10.1,12.1,6
2026-01-15,뺑오쇼콜라,2,"8,400",Sunny,10.1,12.1,6
2026-01-15,착즙 오렌지,1,"5,000",Sunny,10.1,12.1,6
2026-01-15,카페라떼 ICE,1,"4,500",Sunny,10.1,12.1,6
2026-01-15,마르티넬리 애플주스,1,"4,000",Sunny,10.1,12.1,6
2026-01-15,더블초코스콘,0,0,Sunny,10.1,12.1,6
2026-01-14,바질살라미모짜렐라,12,"91,200",Sunny,1.5,5.2,-4.6
2026-01-14,당근라페베이컨 샌드위치,11,"83,600",Sunny,1.5,5.2,-4.6
2026-01-14,플레인햄치즈 샌드위치,10,"76,000",Sunny,1.5,5.2,-4.6
2026-01-14,잠봉 베이글 샌드위치,9,"72,000",Sunny,1.5,5.2,-4.6
2026-01-14,쪽파베이글 샌드위치,8,"52,000",Sunny,1.5,5.2,-4.6
2026-01-14,소프트소금빵,16,"48,000",Sunny,1.5,5.2,-4.6
2026-01-14,카야버터프레첼베이글,6,"33,600",Sunny,1.5,5.2,-4.6
2026-01-14,모찌모찌 식빵,6,"33,000",Sunny,1.5,5.2,-4.6
2026-01-14,생식빵,5,"32,500",Sunny,1.5,5.2,-4.6
2026-01-14,후추소금빵,10,"32,000",Sunny,1.5,5.2,-4.6
2026-01-14,에그타르트,8,"32,000",Sunny,1.5,5.2,-4.6
2026-01-14,통밀잡곡식빵,5,"27,500",Sunny,1.5,5.2,-4.6
2026-01-14,플레인베이글,9,"27,000",Sunny,1.5,5.2,-4.6
2026-01-14,초코베이글,7,"25,200",Sunny,1.5,5.2,-4.6
2026-01-14,호두크랜베리베이글,7,"24,500",Sunny,1.5,5.2,-4.6
2026-01-14,올리브베이글,6,"20,400",Sunny,1.5,5.2,-4.6
2026-01-14,맘모스,4,"19,200",Sunny,1.5,5.2,-4.6
2026-01-14,바닐라까눌레,7,"18,900",Sunny,1.5,5.2,-4.6
2026-01-14,감자치즈베이글,5,"18,000",Sunny,1.5,5.2,-4.6
2026-01-14,아메리카노 ICE,4,"16,000",Sunny,1.5,5.2,-4.6
2026-01-14,아메리카노 HOT,4,"16,000",Sunny,1.5,5.2,-4.6
2026-01-14,단팥빵,8,"16,000",Sunny,1.5,5.2,-4.6
2026-01-14,고메버터 스콘,4,"14,400",Sunny,1.5,5.2,-4.6
2026-01-14,무화과베이글,4,"14,400",Sunny,1.5,5.2,-4.6
2026-01-14,더블초코스콘,3,"11,400",Sunny,1.5,5.2,-4.6
2026-01-14,블루베리 베이글,3,"10,800",Sunny,1.5,5.2,-4.6
2026-01-14,바닐라빈라떼 HOT,2,"10,600",Sunny,1.5,5.2,-4.6
2026-01-14,바닐라빈라떼 ICE,2,"10,600",Sunny,1.5,5.2,-4.6
2026-01-14,당근라페치아바타샌드위치,1,"8,000",Sunny,1.5,5.2,-4.6
2026-01-14,마르티넬리 애플주스,2,"8,000",Sunny,1.5,5.2,-4.6
2026-01-14,카페라떼 HOT,1,"4,500",Sunny,1.5,5.2,-4.6
2026-01-14,바질토마토 크림치즈,1,"1,800",Sunny,1.5,5.2,-4.6
2026-01-12,잠봉 베이글 샌드위치,11,"88,000",Cloudy,-0.6,2,-4.7
2026-01-12,당근라페베이컨 샌드위치,11,"83,600",Cloudy,-0.6,2,-4.7
2026-01-12,바질살라미모짜렐라,11,"83,600",Cloudy,-0.6,2,-4.7
2026-01-12,플레인햄치즈 샌드위치,10,"76,000",Cloudy,-0.6,2,-4.7
2026-01-12,쪽파베이글 샌드위치,8,"52,000",Cloudy,-0.6,2,-4.7
2026-01-12,아메리카노 HOT,13,"52,000",Cloudy,-0.6,2,-4.7
2026-01-12,소프트소금빵,16,"48,000",Cloudy,-0.6,2,-4.7
2026-01-12,카야버터프레첼베이글,8,"44,800",Cloudy,-0.6,2,-4.7
2026-01-12,생식빵,6,"39,000",Cloudy,-0.6,2,-4.7
2026-01-12,감자치즈베이글,9,"32,400",Cloudy,-0.6,2,-4.7
2026-01-12,초코베이글,8,"28,800",Cloudy,-0.6,2,-4.7
2026-01-12,맘모스,6,"28,800",Cloudy,-0.6,2,-4.7
2026-01-12,아메리카노 ICE,7,"28,000",Cloudy,-0.6,2,-4.7
2026-01-12,통밀잡곡식빵,5,"27,500",Cloudy,-0.6,2,-4.7
2026-01-12,후추소금빵,8,"25,600",Cloudy,-0.6,2,-4.7
2026-01-12,플레인베이글,8,"24,000",Cloudy,-0.6,2,-4.7
2026-01-12,모찌모찌 식빵,4,"22,000",Cloudy,-0.6,2,-4.7
2026-01-12,무화과베이글,6,"21,600",Cloudy,-0.6,2,-4.7
2026-01-12,고메버터 스콘,6,"21,600",Cloudy,-0.6,2,-4.7
2026-01-12,블루베리 베이글,5,"18,000",Cloudy,-0.6,2,-4.7
2026-01-12,호두크랜베리베이글,5,"17,500",Cloudy,-0.6,2,-4.7
2026-01-12,올리브베이글,5,"17,000",Cloudy,-0.6,2,-4.7
2026-01-12,에그타르트,4,"16,000",Cloudy,-0.6,2,-4.7
2026-01-12,바닐라빈라떼 ICE,3,"15,900",Cloudy,-0.6,2,-4.7
2026-01-12,바닐라까눌레,5,"13,500",Cloudy,-0.6,2,-4.7
2026-01-12,카페라떼 HOT,3,"13,500",Cloudy,-0.6,2,-4.7
2026-01-12,단팥빵,6,"12,000",Cloudy,-0.6,2,-4.7
2026-01-12,바질토마토 크림치즈,4,"7,200",Cloudy,-0.6,2,-4.7
2026-01-12,블루베리 크림치즈,3,"5,400",Cloudy,-0.6,2,-4.7
2026-01-12,착즙 오렌지,1,"5,000",Cloudy,-0.6,2,-4.7
2026-01-12,크림치즈,1,"1,500",Cloudy,-0.6,2,-4.7
2026-01-12,샷 추가,1,500,Cloudy,-0.6,2,-4.7
2026-01-12,더블초코스콘,0,0,Cloudy,-0.6,2,-4.7
2026-01-11,잠봉 베이글 샌드위치,16,"128,000",Sunny,-3.2,-1.7,-6.2
2026-01-11,바질살라미모짜렐라,16,"121,600",Sunny,-3.2,-1.7,-6.2
2026-01-11,당근라페베이컨 샌드위치,16,"121,600",Sunny,-3.2,-1.7,-6.2
2026-01-11,플레인햄치즈 샌드위치,10,"76,000",Sunny,-3.2,-1.7,-6.2
2026-01-11,아메리카노 HOT,17,"68,000",Sunny,-3.2,-1.7,-6.2
2026-01-11,소프트소금빵,22,"66,000",Sunny,-3.2,-1.7,-6.2
2026-01-11,맘모스,12,"57,600",Sunny,-3.2,-1.7,-6.2
2026-01-11,카야버터프레첼베이글,10,"56,000",Sunny,-3.2,-1.7,-6.2
2026-01-11,아메리카노 ICE,13,"52,000",Sunny,-3.2,-1.7,-6.2
2026-01-11,쪽파베이글 샌드위치,8,"52,000",Sunny,-3.2,-1.7,-6.2
2026-01-11,에그타르트,12,"48,000",Sunny,-3.2,-1.7,-6.2
2026-01-11,감자치즈베이글,12,"43,200",Sunny,-3.2,-1.7,-6.2
2026-01-11,블루베리 베이글,12,"43,200",Sunny,-3.2,-1.7,-6.2
2026-01-11,생식빵,6,"39,000",Sunny,-3.2,-1.7,-6.2
2026-01-11,모찌모찌 식빵,7,"38,500",Sunny,-3.2,-1.7,-6.2
2026-01-11,올리브베이글,11,"37,400",Sunny,-3.2,-1.7,-6.2
2026-01-11,고메버터 스콘,10,"36,000",Sunny,-3.2,-1.7,-6.2
2026-01-11,초코베이글,10,"36,000",Sunny,-3.2,-1.7,-6.2
2026-01-11,무화과베이글,10,"36,000",Sunny,-3.2,-1.7,-6.2
2026-01-11,후추소금빵,11,"35,200",Sunny,-3.2,-1.7,-6.2
2026-01-11,플레인베이글,11,"33,000",Sunny,-3.2,-1.7,-6.2
2026-01-11,통밀잡곡식빵,6,"33,000",Sunny,-3.2,-1.7,-6.2
2026-01-11,단팥빵,11,"22,000",Sunny,-3.2,-1.7,-6.2
2026-01-11,바닐라까눌레,7,"18,900",Sunny,-3.2,-1.7,-6.2
2026-01-11,호두크랜베리베이글,4,"14,000",Sunny,-3.2,-1.7,-6.2
2026-01-11,더블초코스콘,3,"11,400",Sunny,-3.2,-1.7,-6.2
2026-01-11,바닐라빈라떼 HOT,2,"10,600",Sunny,-3.2,-1.7,-6.2
2026-01-11,바닐라빈라떼 ICE,2,"10,600",Sunny,-3.2,-1.7,-6.2
2026-01-11,착즙 오렌지,2,"10,000",Sunny,-3.2,-1.7,-6.2
2026-01-11,크림치즈,3,"4,500",Sunny,-3.2,-1.7,-6.2
2026-01-11,카페라떼 HOT,1,"4,500",Sunny,-3.2,-1.7,-6.2
2026-01-11,블루베리 크림치즈,2,"3,600",Sunny,-3.2,-1.7,-6.2
2026-01-10,당근라페치아바타샌드위치,27,"216,000",Snow,5.4,6.2,4.4
2026-01-10,치아바타 샌드위치,22,"165,000",Snow,5.4,6.2,4.4
2026-01-10,쉬림프과카몰리샌드위치,18,"153,000",Snow,5.4,6.2,4.4
2026-01-10,바게트 잠봉,14,"126,000",Snow,5.4,6.2,4.4
2026-01-10,모짜렐라살라미치즈,14,"124,600",Snow,5.4,6.2,4.4
2026-01-10,바질 잠봉(루꼴라),14,"121,800",Snow,5.4,6.2,4.4
2026-01-10,피스타치오햄바게트,12,"106,800",Snow,5.4,6.2,4.4
2026-01-10,감자 치즈,15,"90,000",Snow,5.4,6.2,4.4
2026-01-10,아메리카노 HOT,22,"88,000",Snow,5.4,6.2,4.4
2026-01-10,아메리카노 ICE,22,"88,000",Snow,5.4,6.2,4.4
2026-01-10,에그타르트,21,"84,000",Snow,5.4,6.2,4.4
2026-01-10,크렌베리닭가슴살샌드위치,10,"60,000",Snow,5.4,6.2,4.4
2026-01-10,단호박 크림치즈,9,"58,500",Snow,5.4,6.2,4.4
2026-01-10,소금빵,18,"50,400",Snow,5.4,6.2,4.4
2026-01-10,고구마크림치즈사워도우,8,"46,400",Snow,5.4,6.2,4.4
2026-01-10,소세지빵,10,"45,000",Snow,5.4,6.2,4.4
2026-01-10,무화과 크림치즈 사워도우,8,"44,800",Snow,5.4,6.2,4.4
2026-01-10,고메버터 스콘,11,"39,600",Snow,5.4,6.2,4.4
2026-01-10,미니페스츄리식빵,7,"38,500",Snow,5.4,6.2,4.4
2026-01-10,더블초코스콘,10,"38,000",Snow,5.4,6.2,4.4
2026-01-10,올리브 치즈 치아바타,8,"36,000",Snow,5.4,6.2,4.4
2026-01-10,크로와상,10,"35,000",Snow,5.4,6.2,4.4
2026-01-10,앙버터,6,"28,800",Snow,5.4,6.2,4.4
2026-01-10,바닐라까눌레,10,"27,000",Snow,5.4,6.2,4.4
2026-01-10,카페라떼 HOT,6,"27,000",Snow,5.4,6.2,4.4
2026-01-10,뺑오쇼콜라,6,"25,200",Snow,5.4,6.2,4.4
2026-01-10,대파 사워도우,3,"17,100",Snow,5.4,6.2,4.4
2026-01-10,호두 크랜베리 사워도우,3,"15,900",Snow,5.4,6.2,4.4
2026-01-10,사워도우,3,"13,500",Snow,5.4,6.2,4.4
2026-01-10,바게트,3,"12,000",Snow,5.4,6.2,4.4
2026-01-10,치아바타,3,"12,000",Snow,5.4,6.2,4.4
2026-01-10,바닐라빈라떼 HOT,2,"10,600",Snow,5.4,6.2,4.4
2026-01-10,착즙 오렌지,2,"10,000",Snow,5.4,6.2,4.4
2026-01-10,카페라떼 ICE,2,"9,000",Snow,5.4,6.2,4.4
2026-01-10,마르티넬리 애플주스,2,"8,000",Snow,5.4,6.2,4.4
2026-01-10,애플키위믹스,1,"5,000",Snow,5.4,6.2,4.4
2026-01-10,바질토마토 크림치즈,1,"1,800",Snow,5.4,6.2,4.4
2026-01-09,당근라페치아바타샌드위치,17,"324,800",Cloudy,3.1,5.3,-1.9
2026-01-09,감자 치즈,15,"90,000",Cloudy,3.1,5.3,-1.9
2026-01-09,치아바타 샌드위치,12,"90,000",Cloudy,3.1,5.3,-1.9
2026-01-09,바질 잠봉(루꼴라),10,"87,000",Cloudy,3.1,5.3,-1.9
2026-01-09,쉬림프과카몰리샌드위치,10,"85,000",Cloudy,3.1,5.3,-1.9
2026-01-09,모짜렐라살라미치즈,9,"80,100",Cloudy,3.1,5.3,-1.9
2026-01-09,피스타치오햄바게트,8,"71,200",Cloudy,3.1,5.3,-1.9
2026-01-09,단호박 크림치즈,9,"58,500",Cloudy,3.1,5.3,-1.9
2026-01-09,바게트 잠봉,6,"54,000",Cloudy,3.1,5.3,-1.9
2026-01-09,아메리카노 HOT,13,"52,000",Cloudy,3.1,5.3,-1.9
2026-01-09,크렌베리닭가슴살샌드위치,8,"48,000",Cloudy,3.1,5.3,-1.9
2026-01-09,에그타르트,12,"48,000",Cloudy,3.1,5.3,-1.9
2026-01-09,소금빵,17,"47,600",Cloudy,3.1,5.3,-1.9
2026-01-09,앙버터,9,"43,200",Cloudy,3.1,5.3,-1.9
2026-01-09,소세지빵,9,"40,500",Cloudy,3.1,5.3,-1.9
2026-01-09,올리브 치즈 치아바타,8,"36,000",Cloudy,3.1,5.3,-1.9
2026-01-09,고구마크림치즈사워도우,6,"34,800",Cloudy,3.1,5.3,-1.9
2026-01-09,무화과 크림치즈 사워도우,6,"33,600",Cloudy,3.1,5.3,-1.9
2026-01-09,고메버터 스콘,9,"32,400",Cloudy,3.1,5.3,-1.9
2026-01-09,바닐라까눌레,11,"29,700",Cloudy,3.1,5.3,-1.9
2026-01-09,미니페스츄리식빵,5,"27,500",Cloudy,3.1,5.3,-1.9
2026-01-09,더블초코스콘,7,"26,600",Cloudy,3.1,5.3,-1.9
2026-01-09,뺑오쇼콜라,6,"25,200",Cloudy,3.1,5.3,-1.9
2026-01-09,카페라떼 ICE,4,"18,000",Cloudy,3.1,5.3,-1.9
2026-01-09,바게트,4,"16,000",Cloudy,3.1,5.3,-1.9
2026-01-09,아메리카노 ICE,4,"16,000",Cloudy,3.1,5.3,-1.9
2026-01-09,호두 크랜베리 사워도우,3,"15,900",Cloudy,3.1,5.3,-1.9
2026-01-09,바닐라빈라떼 ICE,3,"15,900",Cloudy,3.1,5.3,-1.9
2026-01-09,치아바타,3,"12,000",Cloudy,3.1,5.3,-1.9
2026-01-09,대파 사워도우,2,"11,400",Cloudy,3.1,5.3,-1.9
2026-01-09,카페라떼 HOT,2,"9,000",Cloudy,3.1,5.3,-1.9
2026-01-09,사워도우,2,"9,000",Cloudy,3.1,5.3,-1.9
2026-01-09,크로와상,2,"7,000",Cloudy,3.1,5.3,-1.9
2026-01-09,바닐라빈라떼 HOT,1,"5,300",Cloudy,3.1,5.3,-1.9
2026-01-09,착즙 애플,1,"5,000",Cloudy,3.1,5.3,-1.9
2026-01-08,당근라페치아바타샌드위치,20,"160,000",Sunny,-2.6,-0.2,-5.6
2026-01-08,치아바타 샌드위치,14,"105,000",Sunny,-2.6,-0.2,-5.6
2026-01-08,쉬림프과카몰리샌드위치,12,"102,000",Sunny,-2.6,-0.2,-5.6
2026-01-08,감자 치즈,14,"84,000",Sunny,-2.6,-0.2,-5.6
2026-01-08,모짜렐라살라미치즈,9,"80,100",Sunny,-2.6,-0.2,-5.6
2026-01-08,바질 잠봉(루꼴라),9,"78,300",Sunny,-2.6,-0.2,-5.6
2026-01-08,아메리카노 HOT,19,"76,000",Sunny,-2.6,-0.2,-5.6
2026-01-08,피스타치오햄바게트,8,"71,200",Sunny,-2.6,-0.2,-5.6
2026-01-08,바게트 잠봉,6,"54,000",Sunny,-2.6,-0.2,-5.6
2026-01-08,소세지빵,10,"45,000",Sunny,-2.6,-0.2,-5.6
2026-01-08,크렌베리닭가슴살샌드위치,7,"42,000",Sunny,-2.6,-0.2,-5.6
2026-01-08,아메리카노 ICE,9,"36,000",Sunny,-2.6,-0.2,-5.6
2026-01-08,무화과 크림치즈 사워도우,6,"33,600",Sunny,-2.6,-0.2,-5.6
2026-01-08,단호박 크림치즈,5,"32,500",Sunny,-2.6,-0.2,-5.6
2026-01-08,앙버터,6,"28,800",Sunny,-2.6,-0.2,-5.6
2026-01-08,에그타르트,7,"28,000",Sunny,-2.6,-0.2,-5.6
2026-01-08,올리브 치즈 치아바타,7,"27,500",Sunny,-2.6,-0.2,-5.6
2026-01-08,뺑오쇼콜라,6,"25,200",Sunny,-2.6,-0.2,-5.6
2026-01-08,크로와상,7,"24,500",Sunny,-2.6,-0.2,-5.6
2026-01-08,바닐라까눌레,9,"24,300",Sunny,-2.6,-0.2,-5.6
2026-01-08,고구마크림치즈사워도우,4,"23,200",Sunny,-2.6,-0.2,-5.6
2026-01-08,카페라떼 HOT,5,"22,500",Sunny,-2.6,-0.2,-5.6
2026-01-08,바게트,5,"20,000",Sunny,-2.6,-0.2,-5.6
2026-01-08,더블초코스콘,5,"19,000",Sunny,-2.6,-0.2,-5.6
2026-01-08,고메버터 스콘,5,"18,000",Sunny,-2.6,-0.2,-5.6
2026-01-08,대파 사워도우,3,"17,100",Sunny,-2.6,-0.2,-5.6
2026-01-08,미니페스츄리식빵,3,"16,500",Sunny,-2.6,-0.2,-5.6
2026-01-08,치아바타,4,"16,000",Sunny,-2.6,-0.2,-5.6
2026-01-08,바닐라빈라떼 ICE,2,"10,600",Sunny,-2.6,-0.2,-5.6
2026-01-08,호두 크랜베리 사워도우,1,"5,300",Sunny,-2.6,-0.2,-5.6
2026-01-08,애플키위믹스,1,"5,000",Sunny,-2.6,-0.2,-5.6
2026-01-08,마르티넬리 애플주스,1,"4,000",Sunny,-2.6,-0.2,-5.6
2026-01-08,사워도우,0,0,Sunny,-2.6,-0.2,-5.6
2026-01-07,당근라페베이컨 샌드위치,12,"91,200",Sunny,3.9,4.7,2.1
2026-01-07,에그타르트,20,"80,000",Sunny,3.9,4.7,2.1
2026-01-07,바질살라미모짜렐라,10,"76,000",Sunny,3.9,4.7,2.1
2026-01-07,잠봉 베이글 샌드위치,8,"64,000",Sunny,3.9,4.7,2.1
2026-01-07,감자치즈베이글,13,"46,800",Sunny,3.9,4.7,2.1
2026-01-07,플레인햄치즈 샌드위치,6,"45,600",Sunny,3.9,4.7,2.1
2026-01-07,초코베이글,12,"43,200",Sunny,3.9,4.7,2.1
2026-01-07,블루베리 베이글,11,"39,600",Sunny,3.9,4.7,2.1
2026-01-07,소프트소금빵,13,"39,000",Sunny,3.9,4.7,2.1
2026-01-07,플레인베이글,13,"39,000",Sunny,3.9,4.7,2.1
2026-01-07,쪽파베이글 샌드위치,6,"39,000",Sunny,3.9,4.7,2.1
2026-01-07,모찌모찌 식빵,7,"38,500",Sunny,3.9,4.7,2.1
2026-01-07,호두크랜베리베이글,11,"38,500",Sunny,3.9,4.7,2.1
2026-01-07,올리브베이글,11,"37,400",Sunny,3.9,4.7,2.1
2026-01-07,아메리카노 HOT,9,"36,000",Sunny,3.9,4.7,2.1
2026-01-07,생식빵,5,"32,500",Sunny,3.9,4.7,2.1
2026-01-07,카야버터프레첼베이글,5,"28,000",Sunny,3.9,4.7,2.1
2026-01-07,통밀잡곡식빵,5,"27,500",Sunny,3.9,4.7,2.1
2026-01-07,바닐라빈라떼 ICE,5,"26,500",Sunny,3.9,4.7,2.1
2026-01-07,맘모스,5,"24,000",Sunny,3.9,4.7,2.1
2026-01-07,더블초코스콘,6,"22,800",Sunny,3.9,4.7,2.1
2026-01-07,무화과베이글,5,"18,000",Sunny,3.9,4.7,2.1
2026-01-07,고메버터 스콘,5,"18,000",Sunny,3.9,4.7,2.1
2026-01-07,바닐라까눌레,6,"16,200",Sunny,3.9,4.7,2.1
2026-01-07,단팥빵,7,"14,000",Sunny,3.9,4.7,2.1
2026-01-07,카페라떼 ICE,3,"13,500",Sunny,3.9,4.7,2.1
2026-01-07,아메리카노 ICE,2,"8,000",Sunny,3.9,4.7,2.1
2026-01-07,마르티넬리 애플주스,2,"8,000",Sunny,3.9,4.7,2.1
2026-01-07,후추소금빵,2,"6,400",Sunny,3.9,4.7,2.1
2026-01-07,바닐라빈라떼 HOT,1,"5,300",Sunny,3.9,4.7,2.1
2026-01-07,착즙 애플,1,"5,000",Sunny,3.9,4.7,2.1
2026-01-07,카페라떼 HOT,1,"4,500",Sunny,3.9,4.7,2.1
2026-01-05,치아바타 샌드위치,150,"1,125,000",Sunny,1.6,2.8,-0.6
2026-01-05,바질살라미모짜렐라,12,"91,200",Sunny,1.6,2.8,-0.6
2026-01-05,당근라페베이컨 샌드위치,12,"91,200",Sunny,1.6,2.8,-0.6
2026-01-05,잠봉 베이글 샌드위치,11,"88,000",Sunny,1.6,2.8,-0.6
2026-01-05,플레인햄치즈 샌드위치,10,"76,000",Sunny,1.6,2.8,-0.6
2026-01-05,소프트소금빵,18,"54,000",Sunny,1.6,2.8,-0.6
2026-01-05,쪽파베이글 샌드위치,8,"52,000",Sunny,1.6,2.8,-0.6
2026-01-05,에그타르트,12,"48,000",Sunny,1.6,2.8,-0.6
2026-01-05,아메리카노 HOT,10,"40,000",Sunny,1.6,2.8,-0.6
2026-01-05,초코베이글,10,"36,000",Sunny,1.6,2.8,-0.6
2026-01-05,카야버터프레첼베이글,6,"33,600",Sunny,1.6,2.8,-0.6
2026-01-05,모찌모찌 식빵,6,"33,000",Sunny,1.6,2.8,-0.6
2026-01-05,감자치즈베이글,9,"32,400",Sunny,1.6,2.8,-0.6
2026-01-05,후추소금빵,10,"32,000",Sunny,1.6,2.8,-0.6
2026-01-05,플레인베이글,10,"30,000",Sunny,1.6,2.8,-0.6
2026-01-05,블루베리 베이글,8,"28,800",Sunny,1.6,2.8,-0.6
2026-01-05,맘모스,6,"28,800",Sunny,1.6,2.8,-0.6
2026-01-05,무화과베이글,8,"28,800",Sunny,1.6,2.8,-0.6
2026-01-05,호두크랜베리베이글,8,"28,000",Sunny,1.6,2.8,-0.6
2026-01-05,올리브베이글,8,"27,200",Sunny,1.6,2.8,-0.6
2026-01-05,통밀잡곡식빵,4,"22,000",Sunny,1.6,2.8,-0.6
2026-01-05,고메버터 스콘,6,"21,600",Sunny,1.6,2.8,-0.6
2026-01-05,아메리카노 ICE,5,"20,000",Sunny,1.6,2.8,-0.6
2026-01-05,생식빵,3,"19,500",Sunny,1.6,2.8,-0.6
2026-01-05,단팥빵,8,"16,000",Sunny,1.6,2.8,-0.6
2026-01-05,바닐라빈라떼 ICE,3,"15,900",Sunny,1.6,2.8,-0.6
2026-01-05,더블초코스콘,4,"15,200",Sunny,1.6,2.8,-0.6
2026-01-05,착즙 애플,2,"10,000",Sunny,1.6,2.8,-0.6
2026-01-05,애플키위믹스,2,"10,000",Sunny,1.6,2.8,-0.6
2026-01-05,카페라떼 ICE,2,"9,000",Sunny,1.6,2.8,-0.6
2026-01-05,바닐라까눌레,3,"8,100",Sunny,1.6,2.8,-0.6
2026-01-05,바닐라빈라떼 HOT,1,"5,300",Sunny,1.6,2.8,-0.6
2026-01-05,카페라떼 HOT,1,"4,500",Sunny,1.6,2.8,-0.6
2026-01-05,크림치즈,3,"4,500",Sunny,1.6,2.8,-0.6
2026-01-05,바질토마토 크림치즈,2,"3,600",Sunny,1.6,2.8,-0.6
2026-01-04,당근라페베이컨 샌드위치,17,"129,200",Cloudy,4.2,6.1,0.8
2026-01-04,잠봉 베이글 샌드위치,16,"128,000",Cloudy,4.2,6.1,0.8
2026-01-04,바질살라미모짜렐라,15,"114,000",Cloudy,4.2,6.1,0.8
2026-01-04,플레인햄치즈 샌드위치,10,"76,000",Cloudy,4.2,6.1,0.8
2026-01-04,에그타르트,16,"64,000",Cloudy,4.2,6.1,0.8
2026-01-04,소프트소금빵,20,"60,000",Cloudy,4.2,6.1,0.8
2026-01-04,쪽파베이글 샌드위치,9,"58,500",Cloudy,4.2,6.1,0.8
2026-01-04,카야버터프레첼베이글,10,"56,000",Cloudy,4.2,6.1,0.8
2026-01-04,생식빵,8,"52,000",Cloudy,4.2,6.1,0.8
2026-01-04,감자치즈베이글,12,"43,200",Cloudy,4.2,6.1,0.8
2026-01-04,아메리카노 HOT,10,"40,000",Cloudy,4.2,6.1,0.8
2026-01-04,맘모스,9,"39,200",Cloudy,4.2,6.1,0.8
2026-01-04,바닐라빈라떼 ICE,7,"37,100",Cloudy,4.2,6.1,0.8
2026-01-04,초코베이글,10,"36,000",Cloudy,4.2,6.1,0.8
2026-01-04,모찌모찌 식빵,6,"33,000",Cloudy,4.2,6.1,0.8
2026-01-04,플레인베이글,10,"30,000",Cloudy,4.2,6.1,0.8
2026-01-04,바닐라까눌레,11,"29,700",Cloudy,4.2,6.1,0.8
2026-01-04,고메버터 스콘,8,"28,800",Cloudy,4.2,6.1,0.8
2026-01-04,블루베리 베이글,8,"28,800",Cloudy,4.2,6.1,0.8
2026-01-04,통밀잡곡식빵,5,"27,500",Cloudy,4.2,6.1,0.8
2026-01-04,올리브베이글,8,"27,200",Cloudy,4.2,6.1,0.8
2026-01-04,호두크랜베리베이글,7,"24,500",Cloudy,4.2,6.1,0.8
2026-01-04,단팥빵,12,"24,000",Cloudy,4.2,6.1,0.8
2026-01-04,아메리카노 ICE,5,"20,000",Cloudy,4.2,6.1,0.8
2026-01-04,후추소금빵,6,"19,200",Cloudy,4.2,6.1,0.8
2026-01-04,무화과베이글,5,"18,000",Cloudy,4.2,6.1,0.8
2026-01-04,바닐라빈라떼 HOT,3,"15,900",Cloudy,4.2,6.1,0.8
2026-01-04,더블초코스콘,4,"15,200",Cloudy,4.2,6.1,0.8
2026-01-04,착즙 애플,3,"15,000",Cloudy,4.2,6.1,0.8
2026-01-04,카페라떼 ICE,2,"9,000",Cloudy,4.2,6.1,0.8
2026-01-04,카페라떼 HOT,2,"9,000",Cloudy,4.2,6.1,0.8
2026-01-04,블루베리 크림치즈,4,"7,200",Cloudy,4.2,6.1,0.8
2026-01-04,애플키위믹스,1,"5,000",Cloudy,4.2,6.1,0.8
2026-01-04,착즙 오렌지,1,"5,000",Cloudy,4.2,6.1,0.8
2026-01-04,크림치즈,3,"4,500",Cloudy,4.2,6.1,0.8
2026-01-04,바질토마토 크림치즈,1,"1,800",Cloudy,4.2,6.1,0.8
2026-01-03,쉬림프과카몰리샌드위치,19,"154,000",Sunny,-1.2,2.1,-6.4
2026-01-03,당근라페치아바타샌드위치,20,"152,500",Sunny,-1.2,2.1,-6.4
2026-01-03,치아바타 샌드위치,19,"142,500",Sunny,-1.2,2.1,-6.4
2026-01-03,모짜렐라살라미치즈,16,"142,400",Sunny,-1.2,2.1,-6.4
2026-01-03,바질 잠봉(루꼴라),14,"121,800",Sunny,-1.2,2.1,-6.4
2026-01-03,바게트 잠봉,12,"108,000",Sunny,-1.2,2.1,-6.4
2026-01-03,에그타르트,23,"92,000",Sunny,-1.2,2.1,-6.4
2026-01-03,감자 치즈,15,"90,000",Sunny,-1.2,2.1,-6.4
2026-01-03,피스타치오햄바게트,10,"89,000",Sunny,-1.2,2.1,-6.4
2026-01-03,잠봉 베이글 샌드위치,10,"80,000",Sunny,-1.2,2.1,-6.4
2026-01-03,플레인햄치즈 샌드위치,10,"76,000",Sunny,-1.2,2.1,-6.4
2026-01-03,당근라페베이컨 샌드위치,10,"76,000",Sunny,-1.2,2.1,-6.4
2026-01-03,아메리카노 HOT,19,"76,000",Sunny,-1.2,2.1,-6.4
2026-01-03,크렌베리닭가슴살샌드위치,12,"72,000",Sunny,-1.2,2.1,-6.4
2026-01-03,아메리카노 ICE,14,"56,000",Sunny,-1.2,2.1,-6.4
2026-01-03,단호박 크림치즈,8,"52,000",Sunny,-1.2,2.1,-6.4
2026-01-03,소금빵,18,"50,400",Sunny,-1.2,2.1,-6.4
2026-01-03,고구마크림치즈사워도우,8,"46,400",Sunny,-1.2,2.1,-6.4
2026-01-03,소세지빵,9,"40,500",Sunny,-1.2,2.1,-6.4
2026-01-03,무화과 크림치즈 사워도우,7,"39,200",Sunny,-1.2,2.1,-6.4
2026-01-03,크로와상,11,"38,500",Sunny,-1.2,2.1,-6.4
2026-01-03,미니페스츄리식빵,7,"38,500",Sunny,-1.2,2.1,-6.4
2026-01-03,고메버터 스콘,10,"36,000",Sunny,-1.2,2.1,-6.4
2026-01-03,올리브 치즈 치아바타,8,"36,000",Sunny,-1.2,2.1,-6.4
2026-01-03,더블초코스콘,9,"34,200",Sunny,-1.2,2.1,-6.4
2026-01-03,뺑오쇼콜라,8,"33,600",Sunny,-1.2,2.1,-6.4
2026-01-03,바닐라까눌레,12,"32,400",Sunny,-1.2,2.1,-6.4
2026-01-03,앙버터,6,"28,800",Sunny,-1.2,2.1,-6.4
2026-01-03,카페라떼 HOT,4,"18,000",Sunny,-1.2,2.1,-6.4
2026-01-03,대파 사워도우,3,"17,100",Sunny,-1.2,2.1,-6.4
2026-01-03,치아바타,4,"16,000",Sunny,-1.2,2.1,-6.4
2026-01-03,호두 크랜베리 사워도우,3,"15,900",Sunny,-1.2,2.1,-6.4
2026-01-03,사워도우,3,"13,500",Sunny,-1.2,2.1,-6.4
2026-01-03,카페라떼 ICE,3,"13,500",Sunny,-1.2,2.1,-6.4
2026-01-03,바게트,3,"12,000",Sunny,-1.2,2.1,-6.4
2026-01-03,블루베리 크림치즈,3,"5,400",Sunny,-1.2,2.1,-6.4
2026-01-03,바닐라빈라떼 HOT,1,"5,300",Sunny,-1.2,2.1,-6.4
2026-01-03,애플키위믹스,1,"5,000",Sunny,-1.2,2.1,-6.4
2026-01-03,착즙 오렌지,1,"5,000",Sunny,-1.2,2.1,-6.4
2026-01-03,바질토마토 크림치즈,1,"1,800",Sunny,-1.2,2.1,-6.4
2026-01-03,크림치즈,1,"1,500",Sunny,-1.2,2.1,-6.4
2026-01-02,당근라페치아바타샌드위치,17,"136,000",Sunny,-5.3,-2.2,-9.5
2026-01-02,쉬림프과카몰리샌드위치,12,"102,000",Sunny,-5.3,-2.2,-9.5
2026-01-02,모짜렐라살라미치즈,11,"97,900",Sunny,-5.3,-2.2,-9.5
2026-01-02,피스타치오햄바게트,11,"97,900",Sunny,-5.3,-2.2,-9.5
2026-01-02,치아바타 샌드위치,10,"75,000",Sunny,-5.3,-2.2,-9.5
2026-01-02,바게트 잠봉,8,"72,000",Sunny,-5.3,-2.2,-9.5
2026-01-02,바질 잠봉(루꼴라),8,"69,600",Sunny,-5.3,-2.2,-9.5
2026-01-02,감자 치즈,10,"60,000",Sunny,-5.3,-2.2,-9.5
2026-01-02,에그타르트,15,"60,000",Sunny,-5.3,-2.2,-9.5
2026-01-02,앙버터,12,"57,600",Sunny,-5.3,-2.2,-9.5
2026-01-02,아메리카노 HOT,14,"56,000",Sunny,-5.3,-2.2,-9.5
2026-01-02,소금빵,17,"47,600",Sunny,-5.3,-2.2,-9.5
2026-01-02,단호박 크림치즈,7,"45,500",Sunny,-5.3,-2.2,-9.5
2026-01-02,소세지빵,10,"45,000",Sunny,-5.3,-2.2,-9.5
2026-01-02,고메버터 스콘,12,"43,200",Sunny,-5.3,-2.2,-9.5
2026-01-02,바닐라빈라떼 ICE,8,"42,400",Sunny,-5.3,-2.2,-9.5
2026-01-02,올리브 치즈 치아바타,8,"36,000",Sunny,-5.3,-2.2,-9.5
2026-01-02,고구마크림치즈사워도우,6,"34,800",Sunny,-5.3,-2.2,-9.5
2026-01-02,바닐라까눌레,11,"29,700",Sunny,-5.3,-2.2,-9.5
2026-01-02,무화과 크림치즈 사워도우,5,"28,000",Sunny,-5.3,-2.2,-9.5
2026-01-02,미니페스츄리식빵,5,"27,500",Sunny,-5.3,-2.2,-9.5
2026-01-02,더블초코스콘,7,"26,600",Sunny,-5.3,-2.2,-9.5
2026-01-02,크로와상,6,"21,000",Sunny,-5.3,-2.2,-9.5
2026-01-02,크렌베리닭가슴살샌드위치,3,"18,000",Sunny,-5.3,-2.2,-9.5
2026-01-02,아메리카노 ICE,4,"16,000",Sunny,-5.3,-2.2,-9.5
2026-01-02,치아바타,4,"16,000",Sunny,-5.3,-2.2,-9.5
2026-01-02,호두 크랜베리 사워도우,3,"15,900",Sunny,-5.3,-2.2,-9.5
2026-01-02,카페라떼 ICE,3,"13,500",Sunny,-5.3,-2.2,-9.5
2026-01-02,뺑오쇼콜라,3,"12,600",Sunny,-5.3,-2.2,-9.5
2026-01-02,대파 사워도우,2,"11,400",Sunny,-5.3,-2.2,-9.5
2026-01-02,사워도우,2,"9,000",Sunny,-5.3,-2.2,-9.5
2026-01-02,바게트,2,"8,000",Sunny,-5.3,-2.2,-9.5
2026-01-02,바닐라빈라떼 HOT,1,"5,300",Sunny,-5.3,-2.2,-9.5
2026-01-02,착즙 오렌지,1,"5,000",Sunny,-5.3,-2.2,-9.5
2026-01-02,카페라떼 HOT,1,"4,500",Sunny,-5.3,-2.2,-9.5
2026-01-01,당근라페치아바타샌드위치,19,"152,000",Cloudy,-4.5,-1.9,-8.4
2026-01-01,치아바타 샌드위치,14,"105,000",Cloudy,-4.5,-1.9,-8.4
2026-01-01,쉬림프과카몰리샌드위치,12,"102,000",Cloudy,-4.5,-1.9,-8.4
2026-01-01,모짜렐라살라미치즈,11,"97,900",Cloudy,-4.5,-1.9,-8.4
2026-01-01,감자 치즈,15,"90,000",Cloudy,-4.5,-1.9,-8.4
2026-01-01,바게트 잠봉,8,"72,000",Cloudy,-4.5,-1.9,-8.4
2026-01-01,아메리카노 ICE,18,"72,000",Cloudy,-4.5,-1.9,-8.4
2026-01-01,아메리카노 HOT,18,"72,000",Cloudy,-4.5,-1.9,-8.4
2026-01-01,바질 잠봉(루꼴라),8,"69,600",Cloudy,-4.5,-1.9,-8.4
2026-01-01,피스타치오햄바게트,7,"62,300",Cloudy,-4.5,-1.9,-8.4
2026-01-01,단호박 크림치즈,9,"58,500",Cloudy,-4.5,-1.9,-8.4
2026-01-01,에그타르트,14,"56,000",Cloudy,-4.5,-1.9,-8.4
2026-01-01,소금빵,16,"44,800",Cloudy,-4.5,-1.9,-8.4
2026-01-01,앙버터,9,"43,200",Cloudy,-4.5,-1.9,-8.4
2026-01-01,미니페스츄리식빵,7,"38,500",Cloudy,-4.5,-1.9,-8.4
2026-01-01,크렌베리닭가슴살샌드위치,6,"36,000",Cloudy,-4.5,-1.9,-8.4
2026-01-01,올리브 치즈 치아바타,8,"36,000",Cloudy,-4.5,-1.9,-8.4
2026-01-01,고구마크림치즈사워도우,6,"34,800",Cloudy,-4.5,-1.9,-8.4
2026-01-01,무화과 크림치즈 사워도우,6,"33,600",Cloudy,-4.5,-1.9,-8.4
2026-01-01,소세지빵,7,"31,500",Cloudy,-4.5,-1.9,-8.4
2026-01-01,더블초코스콘,8,"30,400",Cloudy,-4.5,-1.9,-8.4
2026-01-01,뺑오쇼콜라,7,"29,400",Cloudy,-4.5,-1.9,-8.4
2026-01-01,크로와상,8,"28,000",Cloudy,-4.5,-1.9,-8.4
2026-01-01,고메버터 스콘,7,"25,200",Cloudy,-4.5,-1.9,-8.4
2026-01-01,바닐라까눌레,9,"24,300",Cloudy,-4.5,-1.9,-8.4
2026-01-01,대파 사워도우,3,"17,100",Cloudy,-4.5,-1.9,-8.4
2026-01-01,호두 크랜베리 사워도우,3,"15,900",Cloudy,-4.5,-1.9,-8.4
2026-01-01,착즙 오렌지,3,"15,000",Cloudy,-4.5,-1.9,-8.4
2026-01-01,카페라떼 HOT,3,"13,500",Cloudy,-4.5,-1.9,-8.4
2026-01-01,카페라떼 ICE,3,"13,500",Cloudy,-4.5,-1.9,-8.4
2026-01-01,바게트,3,"12,000",Cloudy,-4.5,-1.9,-8.4
2026-01-01,바닐라빈라떼 ICE,2,"10,600",Cloudy,-4.5,-1.9,-8.4
2026-01-01,사워도우,2,"9,000",Cloudy,-4.5,-1.9,-8.4
2026-01-01,애플키위믹스,1,"5,000",Cloudy,-4.5,-1.9,-8.4
2026-01-01,치아바타,1,"4,000",Cloudy,-4.5,-1.9,-8.4
2026-01-01,마르티넬리 애플주스,1,"4,000",Cloudy,-4.5,-1.9,-8.4
2025-12-31,당근라페베이컨 샌드위치,12,"91,200",Sunny,-3,-2,-4.8
2025-12-31,바질살라미모짜렐라,12,"91,200",Sunny,-3,-2,-4.8
2025-12-31,잠봉 베이글 샌드위치,11,"88,000",Sunny,-3,-2,-4.8
2025-12-31,플레인햄치즈 샌드위치,10,"76,000",Sunny,-3,-2,-4.8
2025-12-31,소프트소금빵,18,"54,000",Sunny,-3,-2,-4.8
2025-12-31,쪽파베이글 샌드위치,8,"52,000",Sunny,-3,-2,-4.8
2025-12-31,고메버터 스콘,14,"50,400",Sunny,-3,-2,-4.8
2025-12-31,에그타르트,12,"48,000",Sunny,-3,-2,-4.8
2025-12-31,카야버터프레첼베이글,8,"44,800",Sunny,-3,-2,-4.8
2025-12-31,감자치즈베이글,10,"36,000",Sunny,-3,-2,-4.8
2025-12-31,초코베이글,10,"36,000",Sunny,-3,-2,-4.8
2025-12-31,아메리카노 HOT,9,"36,000",Sunny,-3,-2,-4.8
2025-12-31,모찌모찌 식빵,6,"33,000",Sunny,-3,-2,-4.8
2025-12-31,아메리카노 ICE,8,"32,000",Sunny,-3,-2,-4.8
2025-12-31,플레인베이글,10,"30,000",Sunny,-3,-2,-4.8
2025-12-31,블루베리 베이글,8,"28,800",Sunny,-3,-2,-4.8
2025-12-31,무화과베이글,8,"28,800",Sunny,-3,-2,-4.8
2025-12-31,호두크랜베리베이글,8,"28,000",Sunny,-3,-2,-4.8
2025-12-31,통밀잡곡식빵,5,"27,500",Sunny,-3,-2,-4.8
2025-12-31,올리브베이글,8,"27,200",Sunny,-3,-2,-4.8
2025-12-31,생식빵,4,"26,000",Sunny,-3,-2,-4.8
2025-12-31,맘모스,5,"24,000",Sunny,-3,-2,-4.8
2025-12-31,더블초코스콘,6,"22,800",Sunny,-3,-2,-4.8
2025-12-31,후추소금빵,7,"22,400",Sunny,-3,-2,-4.8
2025-12-31,바닐라까눌레,7,"18,900",Sunny,-3,-2,-4.8
2025-12-31,카페라떼 HOT,3,"13,500",Sunny,-3,-2,-4.8
2025-12-31,카페라떼 ICE,3,"13,500",Sunny,-3,-2,-4.8
2025-12-31,착즙 오렌지,2,"10,000",Sunny,-3,-2,-4.8
2025-12-31,단팥빵,5,"10,000",Sunny,-3,-2,-4.8
2025-12-31,마르티넬리 애플주스,2,"8,000",Sunny,-3,-2,-4.8
2025-12-31,바질토마토 크림치즈,4,"7,200",Sunny,-3,-2,-4.8
2025-12-29,잠봉 베이글 샌드위치,12,"96,000",Rain,8,9.5,4.8
2025-12-29,당근라페베이컨 샌드위치,12,"91,200",Rain,8,9.5,4.8
2025-12-29,바질살라미모짜렐라,9,"68,400",Rain,8,9.5,4.8
2025-12-29,플레인햄치즈 샌드위치,8,"60,800",Rain,8,9.5,4.8
2025-12-29,소프트소금빵,19,"57,000",Rain,8,9.5,4.8
2025-12-29,아메리카노 HOT,13,"52,000",Rain,8,9.5,4.8
2025-12-29,카야버터프레첼베이글,8,"44,800",Rain,8,9.5,4.8
2025-12-29,에그타르트,11,"44,000",Rain,8,9.5,4.8
2025-12-29,생식빵,6,"39,000",Rain,8,9.5,4.8
2025-12-29,쪽파베이글 샌드위치,6,"39,000",Rain,8,9.5,4.8
2025-12-29,감자치즈베이글,10,"36,000",Rain,8,9.5,4.8
2025-12-29,플레인베이글,10,"30,000",Rain,8,9.5,4.8
2025-12-29,블루베리 베이글,8,"28,800",Rain,8,9.5,4.8
2025-12-29,아메리카노 ICE,7,"28,000",Rain,8,9.5,4.8
2025-12-29,통밀잡곡식빵,5,"27,500",Rain,8,9.5,4.8
2025-12-29,모찌모찌 식빵,5,"27,500",Rain,8,9.5,4.8
2025-12-29,후추소금빵,8,"25,600",Rain,8,9.5,4.8
2025-12-29,무화과베이글,7,"25,200",Rain,8,9.5,4.8
2025-12-29,초코베이글,7,"25,200",Rain,8,9.5,4.8
2025-12-29,호두크랜베리베이글,7,"24,500",Rain,8,9.5,4.8
2025-12-29,올리브베이글,7,"23,800",Rain,8,9.5,4.8
2025-12-29,더블초코스콘,6,"22,800",Rain,8,9.5,4.8
2025-12-29,맘모스,4,"19,200",Rain,8,9.5,4.8
2025-12-29,바닐라까눌레,7,"18,900",Rain,8,9.5,4.8
2025-12-29,단팥빵,8,"16,000",Rain,8,9.5,4.8
2025-12-29,바닐라빈라떼 HOT,3,"15,900",Rain,8,9.5,4.8
2025-12-29,고메버터 스콘,3,"10,800",Rain,8,9.5,4.8
2025-12-29,카페라떼 HOT,2,"9,000",Rain,8,9.5,4.8
2025-12-29,블루베리 크림치즈,3,"5,400",Rain,8,9.5,4.8
2025-12-29,착즙 오렌지,1,"5,000",Rain,8,9.5,4.8
2025-12-29,착즙 애플,1,"5,000",Rain,8,9.5,4.8
2025-12-29,애플키위믹스,1,"5,000",Rain,8,9.5,4.8
2025-12-29,카페라떼 ICE,1,"4,500",Rain,8,9.5,4.8
2025-12-29,마르티넬리 애플주스,1,"4,000",Rain,8,9.5,4.8
2025-12-29,바질토마토 크림치즈,2,"3,600",Rain,8,9.5,4.8
2025-12-29,크림치즈,2,"3,000",Rain,8,9.5,4.8
2025-12-28,잠봉 베이글 샌드위치,16,"128,000",Sunny,5.7,7.4,2.6
2025-12-28,당근라페베이컨 샌드위치,15,"114,000",Sunny,5.7,7.4,2.6
2025-12-28,플레인햄치즈 샌드위치,9,"68,400",Sunny,5.7,7.4,2.6
2025-12-28,바질살라미모짜렐라,8,"60,800",Sunny,5.7,7.4,2.6
2025-12-28,맘모스,12,"57,600",Sunny,5.7,7.4,2.6
2025-12-28,소프트소금빵,15,"45,000",Sunny,5.7,7.4,2.6
2025-12-28,에그타르트,11,"44,000",Sunny,5.7,7.4,2.6
2025-12-28,감자치즈베이글,12,"43,200",Sunny,5.7,7.4,2.6
2025-12-28,쪽파베이글 샌드위치,6,"39,000",Sunny,5.7,7.4,2.6
2025-12-28,생식빵,6,"39,000",Sunny,5.7,7.4,2.6
2025-12-28,아메리카노 HOT,9,"36,000",Sunny,5.7,7.4,2.6
2025-12-28,아메리카노 ICE,9,"36,000",Sunny,5.7,7.4,2.6
2025-12-28,카야버터프레첼베이글,6,"33,600",Sunny,5.7,7.4,2.6
2025-12-28,플레인베이글,10,"30,000",Sunny,5.7,7.4,2.6
2025-12-28,블루베리 베이글,8,"28,800",Sunny,5.7,7.4,2.6
2025-12-28,호두크랜베리베이글,8,"28,000",Sunny,5.7,7.4,2.6
2025-12-28,모찌모찌 식빵,5,"27,500",Sunny,5.7,7.4,2.6
2025-12-28,올리브베이글,8,"27,200",Sunny,5.7,7.4,2.6
2025-12-28,고메버터 스콘,6,"21,600",Sunny,5.7,7.4,2.6
2025-12-28,초코베이글,6,"21,600",Sunny,5.7,7.4,2.6
2025-12-28,후추소금빵,6,"19,200",Sunny,5.7,7.4,2.6
2025-12-28,바닐라까눌레,7,"18,900",Sunny,5.7,7.4,2.6
2025-12-28,무화과베이글,5,"18,000",Sunny,5.7,7.4,2.6
2025-12-28,단팥빵,9,"18,000",Sunny,5.7,7.4,2.6
2025-12-28,통밀잡곡식빵,2,"11,000",Sunny,5.7,7.4,2.6
2025-12-28,블루베리 크림치즈,5,"9,000",Sunny,5.7,7.4,2.6
2025-12-28,크림치즈,3,"4,500",Sunny,5.7,7.4,2.6
2025-12-28,카페라떼 ICE,1,"4,500",Sunny,5.7,7.4,2.6
2025-12-28,마르티넬리 애플주스,1,"4,000",Sunny,5.7,7.4,2.6
2025-12-28,더블초코스콘,1,"3,800",Sunny,5.7,7.4,2.6
2025-12-27,당근라페치아바타샌드위치,21,"168,000",Cloudy,0.5,2.4,-4.2
2025-12-27,쉬림프과카몰리샌드위치,16,"136,000",Cloudy,0.5,2.4,-4.2
2025-12-27,피스타치오햄바게트,14,"124,600",Cloudy,0.5,2.4,-4.2
2025-12-27,바질 잠봉(루꼴라),14,"121,800",Cloudy,0.5,2.4,-4.2
2025-12-27,치아바타 샌드위치,16,"120,000",Cloudy,0.5,2.4,-4.2
2025-12-27,아메리카노 HOT,29,"116,000",Cloudy,0.5,2.4,-4.2
2025-12-27,모짜렐라살라미치즈,9,"80,100",Cloudy,0.5,2.4,-4.2
2025-12-27,감자 치즈,13,"78,000",Cloudy,0.5,2.4,-4.2
2025-12-27,에그타르트,18,"72,000",Cloudy,0.5,2.4,-4.2
2025-12-27,바게트 잠봉,7,"63,000",Cloudy,0.5,2.4,-4.2
2025-12-27,크렌베리닭가슴살샌드위치,10,"60,000",Cloudy,0.5,2.4,-4.2
2025-12-27,단호박 크림치즈,9,"58,500",Cloudy,0.5,2.4,-4.2
2025-12-27,소금빵,18,"50,400",Cloudy,0.5,2.4,-4.2
2025-12-27,미니페스츄리식빵,8,"44,000",Cloudy,0.5,2.4,-4.2
2025-12-27,아메리카노 ICE,10,"40,000",Cloudy,0.5,2.4,-4.2
2025-12-27,고메버터 스콘,11,"39,600",Cloudy,0.5,2.4,-4.2
2025-12-27,무화과 크림치즈 사워도우,7,"39,200",Cloudy,0.5,2.4,-4.2
2025-12-27,뺑오쇼콜라,9,"37,800",Cloudy,0.5,2.4,-4.2
2025-12-27,올리브 치즈 치아바타,8,"36,000",Cloudy,0.5,2.4,-4.2
2025-12-27,치아바타,8,"32,000",Cloudy,0.5,2.4,-4.2
2025-12-27,소세지빵,7,"31,500",Cloudy,0.5,2.4,-4.2
2025-12-27,앙버터,6,"28,800",Cloudy,0.5,2.4,-4.2
2025-12-27,더블초코스콘,7,"26,600",Cloudy,0.5,2.4,-4.2
2025-12-27,크로와상,7,"24,500",Cloudy,0.5,2.4,-4.2
2025-12-27,바게트,6,"24,000",Cloudy,0.5,2.4,-4.2
2025-12-27,고구마크림치즈사워도우,4,"23,200",Cloudy,0.5,2.4,-4.2
2025-12-27,카페라떼 ICE,4,"18,000",Cloudy,0.5,2.4,-4.2
2025-12-27,대파 사워도우,3,"17,100",Cloudy,0.5,2.4,-4.2
2025-12-27,바닐라까눌레,6,"16,200",Cloudy,0.5,2.4,-4.2
2025-12-27,바닐라빈라떼 HOT,3,"15,900",Cloudy,0.5,2.4,-4.2
2025-12-27,바닐라빈라떼 ICE,2,"10,600",Cloudy,0.5,2.4,-4.2
2025-12-27,모짜렐라바질토마토,1,"6,300",Cloudy,0.5,2.4,-4.2
2025-12-27,호두 크랜베리 사워도우,1,"5,300",Cloudy,0.5,2.4,-4.2
2025-12-27,사워도우,1,"4,500",Cloudy,0.5,2.4,-4.2
2025-12-27,카페라떼 HOT,1,"4,500",Cloudy,0.5,2.4,-4.2
2025-12-26,당근라페치아바타샌드위치,16,"128,000",Sunny,-5.5,-2.9,-9.4
2025-12-26,쉬림프과카몰리샌드위치,12,"102,000",Sunny,-5.5,-2.9,-9.4
2025-12-26,모짜렐라살라미치즈,10,"89,000",Sunny,-5.5,-2.9,-9.4
2025-12-26,감자 치즈,13,"78,000",Sunny,-5.5,-2.9,-9.4
2025-12-26,치아바타 샌드위치,10,"75,000",Sunny,-5.5,-2.9,-9.4
2025-12-26,에그타르트,14,"56,000",Sunny,-5.5,-2.9,-9.4
2025-12-26,피스타치오햄바게트,6,"53,400",Sunny,-5.5,-2.9,-9.4
2025-12-26,단호박 크림치즈,8,"52,000",Sunny,-5.5,-2.9,-9.4
2025-12-26,소세지빵,8,"36,000",Sunny,-5.5,-2.9,-9.4
2025-12-26,올리브 치즈 치아바타,8,"36,000",Sunny,-5.5,-2.9,-9.4
2025-12-26,아메리카노 ICE,9,"36,000",Sunny,-5.5,-2.9,-9.4
2025-12-26,크렌베리닭가슴살샌드위치,6,"36,000",Sunny,-5.5,-2.9,-9.4
2025-12-26,바게트 잠봉,4,"36,000",Sunny,-5.5,-2.9,-9.4
2025-12-26,바질 잠봉(루꼴라),4,"34,800",Sunny,-5.5,-2.9,-9.4
2025-12-26,소금빵,12,"33,600",Sunny,-5.5,-2.9,-9.4
2025-12-26,무화과 크림치즈 사워도우,6,"33,600",Sunny,-5.5,-2.9,-9.4
2025-12-26,뺑오쇼콜라,8,"33,600",Sunny,-5.5,-2.9,-9.4
2025-12-26,고메버터 스콘,9,"32,400",Sunny,-5.5,-2.9,-9.4
2025-12-26,더블초코스콘,8,"30,400",Sunny,-5.5,-2.9,-9.4
2025-12-26,고구마크림치즈사워도우,5,"29,000",Sunny,-5.5,-2.9,-9.4
2025-12-26,미니페스츄리식빵,5,"27,500",Sunny,-5.5,-2.9,-9.4
2025-12-26,바닐라까눌레,10,"27,000",Sunny,-5.5,-2.9,-9.4
2025-12-26,아메리카노 HOT,6,"24,000",Sunny,-5.5,-2.9,-9.4
2025-12-26,사워도우,5,"22,500",Sunny,-5.5,-2.9,-9.4
2025-12-26,바게트,5,"20,000",Sunny,-5.5,-2.9,-9.4
2025-12-26,카페라떼 HOT,4,"18,000",Sunny,-5.5,-2.9,-9.4
2025-12-26,대파 사워도우,3,"17,100",Sunny,-5.5,-2.9,-9.4
2025-12-26,치아바타,4,"16,000",Sunny,-5.5,-2.9,-9.4
2025-12-26,착즙 애플,3,"15,000",Sunny,-5.5,-2.9,-9.4
2025-12-26,앙버터,3,"14,400",Sunny,-5.5,-2.9,-9.4
2025-12-26,크로와상,4,"14,000",Sunny,-5.5,-2.9,-9.4
2025-12-26,카페라떼 ICE,3,"13,500",Sunny,-5.5,-2.9,-9.4
2025-12-26,호두 크랜베리 사워도우,2,"10,600",Sunny,-5.5,-2.9,-9.4
2025-12-26,바닐라빈라떼 ICE,1,"5,300",Sunny,-5.5,-2.9,-9.4
2025-12-26,착즙 오렌지,1,"5,000",Sunny,-5.5,-2.9,-9.4
2025-12-26,마르티넬리 애플주스,1,"4,000",Sunny,-5.5,-2.9,-9.4
2025-12-25,당근라페치아바타샌드위치,18,"144,000",Sunny,1.2,2.8,-1.3
2025-12-25,쉬림프과카몰리샌드위치,16,"136,000",Sunny,1.2,2.8,-1.3
2025-12-25,치아바타 샌드위치,11,"82,500",Sunny,1.2,2.8,-1.3
2025-12-25,에그타르트,17,"68,000",Sunny,1.2,2.8,-1.3
2025-12-25,감자 치즈,11,"66,000",Sunny,1.2,2.8,-1.3
2025-12-25,바게트 잠봉,6,"54,000",Sunny,1.2,2.8,-1.3
2025-12-25,모짜렐라살라미치즈,6,"53,400",Sunny,1.2,2.8,-1.3
2025-12-25,아메리카노 ICE,13,"52,000",Sunny,1.2,2.8,-1.3
2025-12-25,소금빵,18,"50,400",Sunny,1.2,2.8,-1.3
2025-12-25,바질 잠봉(루꼴라),5,"43,500",Sunny,1.2,2.8,-1.3
2025-12-25,단호박 크림치즈,6,"39,000",Sunny,1.2,2.8,-1.3
2025-12-25,크렌베리닭가슴살샌드위치,6,"36,000",Sunny,1.2,2.8,-1.3
2025-12-25,소세지빵,8,"36,000",Sunny,1.2,2.8,-1.3
2025-12-25,아메리카노 HOT,9,"36,000",Sunny,1.2,2.8,-1.3
2025-12-25,피스타치오햄바게트,4,"35,600",Sunny,1.2,2.8,-1.3
2025-12-25,앙버터,7,"33,600",Sunny,1.2,2.8,-1.3
2025-12-25,바닐라까눌레,10,"27,000",Sunny,1.2,2.8,-1.3
2025-12-25,고구마크림치즈사워도우,4,"23,200",Sunny,1.2,2.8,-1.3
2025-12-25,무화과 크림치즈 사워도우,4,"22,400",Sunny,1.2,2.8,-1.3
2025-12-25,미니페스츄리식빵,4,"22,000",Sunny,1.2,2.8,-1.3
2025-12-25,고메버터 스콘,6,"21,600",Sunny,1.2,2.8,-1.3
2025-12-25,뺑오쇼콜라,5,"21,000",Sunny,1.2,2.8,-1.3
2025-12-25,바게트,5,"20,000",Sunny,1.2,2.8,-1.3
2025-12-25,카페라떼 ICE,4,"18,000",Sunny,1.2,2.8,-1.3
2025-12-25,더블초코스콘,4,"15,200",Sunny,1.2,2.8,-1.3
2025-12-25,크로와상,4,"14,000",Sunny,1.2,2.8,-1.3
2025-12-25,올리브 치즈 치아바타,3,"13,500",Sunny,1.2,2.8,-1.3
2025-12-25,대파 사워도우,2,"11,400",Sunny,1.2,2.8,-1.3
2025-12-25,호두 크랜베리 사워도우,2,"10,600",Sunny,1.2,2.8,-1.3
2025-12-25,애플키위믹스,2,"10,000",Sunny,1.2,2.8,-1.3
2025-12-25,바닐라빈라떼 ICE,1,"5,300",Sunny,1.2,2.8,-1.3
2025-12-25,바닐라빈라떼 HOT,1,"5,300",Sunny,1.2,2.8,-1.3
2025-12-25,착즙 애플,1,"5,000",Sunny,1.2,2.8,-1.3
2025-12-25,착즙 오렌지,1,"5,000",Sunny,1.2,2.8,-1.3
2025-12-25,사워도우,1,"4,500",Sunny,1.2,2.8,-1.3
2025-12-25,카페라떼 HOT,1,"4,500",Sunny,1.2,2.8,-1.3
2025-12-24,바질살라미모짜렐라,12,"91,200",Cloudy,4.2,5.7,2.2
2025-12-24,당근라페베이컨 샌드위치,12,"91,200",Cloudy,4.2,5.7,2.2
2025-12-24,잠봉 베이글 샌드위치,10,"80,000",Cloudy,4.2,5.7,2.2
2025-12-24,플레인햄치즈 샌드위치,9,"68,400",Cloudy,4.2,5.7,2.2
2025-12-24,감자치즈베이글,9,"32,400",Cloudy,4.2,5.7,2.2
2025-12-24,블루베리 베이글,8,"28,800",Cloudy,4.2,5.7,2.2
2025-12-24,맘모스,6,"28,800",Cloudy,4.2,5.7,2.2
2025-12-24,모찌모찌 식빵,5,"27,500",Cloudy,4.2,5.7,2.2
2025-12-24,호두크랜베리베이글,7,"24,500",Cloudy,4.2,5.7,2.2
2025-12-24,아메리카노 ICE,6,"24,000",Cloudy,4.2,5.7,2.2
2025-12-24,아메리카노 HOT,6,"24,000",Cloudy,4.2,5.7,2.2
2025-12-24,쪽파베이글 샌드위치,3,"19,500",Cloudy,4.2,5.7,2.2
2025-12-24,카페라떼 HOT,4,"18,000",Cloudy,4.2,5.7,2.2
2025-12-24,플레인베이글,6,"18,000",Cloudy,4.2,5.7,2.2
2025-12-24,단팥빵,9,"18,000",Cloudy,4.2,5.7,2.2
2025-12-24,무화과베이글,5,"18,000",Cloudy,4.2,5.7,2.2
2025-12-24,카야버터프레첼베이글,3,"16,800",Cloudy,4.2,5.7,2.2
2025-12-24,통밀잡곡식빵,3,"16,500",Cloudy,4.2,5.7,2.2
2025-12-24,바닐라까눌레,6,"16,200",Cloudy,4.2,5.7,2.2
2025-12-24,후추소금빵,5,"16,000",Cloudy,4.2,5.7,2.2
2025-12-24,초코베이글,4,"14,400",Cloudy,4.2,5.7,2.2
2025-12-24,올리브베이글,4,"13,600",Cloudy,4.2,5.7,2.2
2025-12-24,생식빵,2,"13,000",Cloudy,4.2,5.7,2.2
2025-12-24,소프트소금빵,4,"12,000",Cloudy,4.2,5.7,2.2
2025-12-24,고메버터 스콘,3,"10,800",Cloudy,4.2,5.7,2.2
2025-12-24,바닐라빈라떼 ICE,2,"10,600",Cloudy,4.2,5.7,2.2
2025-12-24,바닐라빈라떼 HOT,1,"5,300",Cloudy,4.2,5.7,2.2
2025-12-24,카페라떼 ICE,1,"4,500",Cloudy,4.2,5.7,2.2
2025-12-24,더블초코스콘,1,"3,800",Cloudy,4.2,5.7,2.2
2025-12-24,바질토마토 크림치즈,1,"1,800",Cloudy,4.2,5.7,2.2
2025-12-24,에그타르트,0,0,Cloudy,4.2,5.7,2.2
2025-12-22,잠봉 베이글 샌드위치,12,"96,000",Sunny,2.5,6.5,-3.7
2025-12-22,바질살라미모짜렐라,12,"91,200",Sunny,2.5,6.5,-3.7
2025-12-22,당근라페베이컨 샌드위치,12,"91,200",Sunny,2.5,6.5,-3.7
2025-12-22,플레인햄치즈 샌드위치,10,"76,000",Sunny,2.5,6.5,-3.7
2025-12-22,아메리카노 HOT,14,"56,000",Sunny,2.5,6.5,-3.7
2025-12-22,쪽파베이글 샌드위치,7,"45,500",Sunny,2.5,6.5,-3.7
2025-12-22,카야버터프레첼베이글,8,"44,800",Sunny,2.5,6.5,-3.7
2025-12-22,에그타르트,11,"44,000",Sunny,2.5,6.5,-3.7
2025-12-22,생식빵,6,"39,000",Sunny,2.5,6.5,-3.7
2025-12-22,감자치즈베이글,10,"36,000",Sunny,2.5,6.5,-3.7
2025-12-22,소프트소금빵,11,"33,000",Sunny,2.5,6.5,-3.7
2025-12-22,후추소금빵,10,"32,000",Sunny,2.5,6.5,-3.7
2025-12-22,플레인베이글,10,"30,000",Sunny,2.5,6.5,-3.7
2025-12-22,맘모스,6,"28,800",Sunny,2.5,6.5,-3.7
2025-12-22,초코베이글,8,"28,800",Sunny,2.5,6.5,-3.7
2025-12-22,모찌모찌 식빵,5,"27,500",Sunny,2.5,6.5,-3.7
2025-12-22,블루베리 베이글,7,"25,200",Sunny,2.5,6.5,-3.7
2025-12-22,올리브베이글,7,"23,800",Sunny,2.5,6.5,-3.7
2025-12-22,통밀잡곡식빵,4,"22,000",Sunny,2.5,6.5,-3.7
2025-12-22,무화과베이글,6,"21,600",Sunny,2.5,6.5,-3.7
2025-12-22,바닐라까눌레,8,"21,600",Sunny,2.5,6.5,-3.7
2025-12-22,고메버터 스콘,6,"21,600",Sunny,2.5,6.5,-3.7
2025-12-22,더블초코스콘,5,"19,000",Sunny,2.5,6.5,-3.7
2025-12-22,카페라떼 ICE,4,"18,000",Sunny,2.5,6.5,-3.7
2025-12-22,단팥빵,8,"16,000",Sunny,2.5,6.5,-3.7
2025-12-22,호두크랜베리베이글,4,"14,000",Sunny,2.5,6.5,-3.7
2025-12-22,아메리카노 ICE,2,"8,000",Sunny,2.5,6.5,-3.7
2025-12-22,블루베리 크림치즈,3,"5,400",Sunny,2.5,6.5,-3.7
2025-12-22,바닐라빈라떼 HOT,1,"5,300",Sunny,2.5,6.5,-3.7
2025-12-22,착즙 애플,1,"5,000",Sunny,2.5,6.5,-3.7
2025-12-22,카페라떼 HOT,1,"4,500",Sunny,2.5,6.5,-3.7
2025-12-22,바질토마토 크림치즈,1,"1,800",Sunny,2.5,6.5,-3.7
2025-12-21,잠봉 베이글 샌드위치,16,"128,000",Cloudy,0.5,2.3,-1.4
2025-12-21,바질살라미모짜렐라,15,"114,000",Cloudy,0.5,2.3,-1.4
2025-12-21,당근라페베이컨 샌드위치,15,"114,000",Cloudy,0.5,2.3,-1.4
2025-12-21,에그타르트,21,"84,000",Cloudy,0.5,2.3,-1.4
2025-12-21,플레인햄치즈 샌드위치,10,"76,000",Cloudy,0.5,2.3,-1.4
2025-12-21,아메리카노 HOT,17,"68,000",Cloudy,0.5,2.3,-1.4
2025-12-21,소프트소금빵,20,"60,000",Cloudy,0.5,2.3,-1.4
2025-12-21,쪽파베이글 샌드위치,9,"58,500",Cloudy,0.5,2.3,-1.4
2025-12-21,카야버터프레첼베이글,10,"56,000",Cloudy,0.5,2.3,-1.4
2025-12-21,맘모스,11,"52,800",Cloudy,0.5,2.3,-1.4
2025-12-21,생식빵,7,"45,500",Cloudy,0.5,2.3,-1.4
2025-12-21,감자치즈베이글,11,"39,600",Cloudy,0.5,2.3,-1.4
2025-12-21,모찌모찌 식빵,7,"38,500",Cloudy,0.5,2.3,-1.4
2025-12-21,아메리카노 ICE,9,"36,000",Cloudy,0.5,2.3,-1.4
2025-12-21,초코베이글,10,"36,000",Cloudy,0.5,2.3,-1.4
2025-12-21,통밀잡곡식빵,6,"33,000",Cloudy,0.5,2.3,-1.4
2025-12-21,고메버터 스콘,9,"32,400",Cloudy,0.5,2.3,-1.4
2025-12-21,더블초코스콘,8,"30,400",Cloudy,0.5,2.3,-1.4
2025-12-21,블루베리 베이글,8,"28,800",Cloudy,0.5,2.3,-1.4
2025-12-21,무화과베이글,8,"28,800",Cloudy,0.5,2.3,-1.4
2025-12-21,올리브베이글,8,"27,200",Cloudy,0.5,2.3,-1.4
2025-12-21,플레인베이글,9,"27,000",Cloudy,0.5,2.3,-1.4
2025-12-21,바닐라까눌레,9,"24,300",Cloudy,0.5,2.3,-1.4
2025-12-21,단팥빵,12,"24,000",Cloudy,0.5,2.3,-1.4
2025-12-21,호두크랜베리베이글,6,"21,000",Cloudy,0.5,2.3,-1.4
2025-12-21,착즙 애플,3,"15,000",Cloudy,0.5,2.3,-1.4
2025-12-21,후추소금빵,4,"12,800",Cloudy,0.5,2.3,-1.4
2025-12-21,카페라떼 ICE,2,"9,000",Cloudy,0.5,2.3,-1.4
2025-12-21,크림치즈,5,"7,500",Cloudy,0.5,2.3,-1.4
2025-12-21,바닐라빈라떼 ICE,1,"5,300",Cloudy,0.5,2.3,-1.4
2025-12-21,카페라떼 HOT,1,"4,500",Cloudy,0.5,2.3,-1.4
2025-12-21,블루베리 크림치즈,2,"3,600",Cloudy,0.5,2.3,-1.4
2025-12-21,바질토마토 크림치즈,2,"3,600",Cloudy,0.5,2.3,-1.4
2025-12-21,바닐라빈라떼 HOT,1,"5,300",Cloudy,0.5,2.3,-1.4
2025-12-20,치아바타 샌드위치,30,"225,000",Rain,11.1,12.5,7.8
2025-12-20,쉬림프과카몰리샌드위치,22,"187,000",Rain,11.1,12.5,7.8
2025-12-20,당근라페치아바타샌드위치,22,"176,000",Rain,11.1,12.5,7.8
2025-12-20,바질 잠봉(루꼴라),16,"139,200",Rain,11.1,12.5,7.8
2025-12-20,모짜렐라살라미치즈,15,"133,500",Rain,11.1,12.5,7.8
2025-12-20,피스타치오햄바게트,12,"106,800",Rain,11.1,12.5,7.8
2025-12-20,아메리카노 HOT,22,"88,000",Rain,11.1,12.5,7.8
2025-12-20,아메리카노 ICE,22,"88,000",Rain,11.1,12.5,7.8
2025-12-20,에그타르트,18,"88,000",Rain,11.1,12.5,7.8
2025-12-20,감자 치즈,14,"84,000",Rain,11.1,12.5,7.8
2025-12-20,바게트 잠봉,10,"82,800",Rain,11.1,12.5,7.8
2025-12-20,크렌베리닭가슴살샌드위치,11,"66,000",Rain,11.1,12.5,7.8
2025-12-20,앙버터,11,"52,800",Rain,11.1,12.5,7.8
2025-12-20,단호박 크림치즈,8,"52,000",Rain,11.1,12.5,7.8
2025-12-20,소금빵,18,"50,400",Rain,11.1,12.5,7.8
2025-12-20,고구마크림치즈사워도우,8,"46,400",Rain,11.1,12.5,7.8
2025-12-20,무화과 크림치즈 사워도우,8,"44,800",Rain,11.1,12.5,7.8
2025-12-20,소세지빵,9,"40,500",Rain,11.1,12.5,7.8
2025-12-20,미니페스츄리식빵,7,"38,500",Rain,11.1,12.5,7.8
2025-12-20,올리브 치즈 치아바타,8,"36,000",Rain,11.1,12.5,7.8
2025-12-20,바닐라까눌레,13,"35,100",Rain,11.1,12.5,7.8
2025-12-20,뺑오쇼콜라,8,"33,600",Rain,11.1,12.5,7.8
2025-12-20,고메버터 스콘,9,"32,400",Rain,11.1,12.5,7.8
2025-12-20,크로와상,7,"24,500",Rain,11.1,12.5,7.8
2025-12-20,바닐라빈라떼 ICE,4,"21,200",Rain,11.1,12.5,7.8
2025-12-20,더블초코스콘,5,"19,000",Rain,11.1,12.5,7.8
2025-12-20,대파 사워도우,3,"17,100",Rain,11.1,12.5,7.8
2025-12-20,호두 크랜베리 사워도우,3,"15,900",Rain,11.1,12.5,7.8
2025-12-20,착즙 오렌지,3,"15,000",Rain,11.1,12.5,7.8
2025-12-20,카페라떼 ICE,3,"13,500",Rain,11.1,12.5,7.8
2025-12-20,카페라떼 HOT,3,"13,500",Rain,11.1,12.5,7.8
2025-12-20,사워도우,3,"13,500",Rain,11.1,12.5,7.8
2025-12-20,바게트,3,"12,000",Rain,11.1,12.5,7.8
2025-12-20,마르티넬리 애플주스,1,"4,000",Rain,11.1,12.5,7.8
2025-12-20,치아바타,1,"4,000",Rain,11.1,12.5,7.8
